{
    "is_duplicate": false,
    "queuestats": {
        "todo:redo": 0,
        "todo:secondary": 19567878,
        "todo": 0,
        "todo:backfeed": 35227661,
        "unretrievable": 8065597691,
        "done": 0,
        "claims": 79999756
    },
    "counts": {
        "ifar": 0.086246749784389,
        "todo": 54795539,
        "ifir": 0.050522676855912,
        "out": 79999756,
        "irsr": 0.99558315546216,
        "done": 121179637103,
        "rcsr": 0.72970653690498,
        "rcr": 0.97580497342543
    },
    "bytes": 1957743,
    "valid": true,
    "item": "https:\/\/news.goo.ne.jp\/article\/hochi\/entertainment\/hochi-20250402-OHT1T51244.html\u0000https:\/\/www.vaerwatches.com\/cdn\/shop\/products\/R1-Blu-1_0be8860e-4f1d-40e7-8aa5-bc054ed5019e.jpg?v=1666377173&width=128\u0000https:\/\/ae04.alicdn.com\/kf\/S160fdd5ba0ec40b7a47efd03f843b4ddj.jpg\u0000https:\/\/ae04.alicdn.com\/kf\/Sf7fc3c9f9d274f5e8d8ec1bb9e93c1a71.jpg_480x480.jpg\u0000https:\/\/ae04.alicdn.com\/kf\/S05ccb84676754d6c9d827f71d2973129B.jpg_480x480.jpg\u0000https:\/\/ae04.alicdn.com\/kf\/Sfb3afc24021043ff97127937fbd3c1cfU.jpg_480x480.jpg\u0000http:\/\/yupoofake.ru\/product\/1005008235013796\u0000https:\/\/ae04.alicdn.com\/kf\/Sf6e50eaf82c046cdbb89c58fa391c028S.jpg_480x480.jpg\u0000https:\/\/ae04.alicdn.com\/kf\/S039346f7105c4b778d34ce3dfec5d039V.jpg_480x480.jpg\u0000https:\/\/ae04.alicdn.com\/kf\/Sedabfe59179243f4a8f2356676b7ef6eX.png_480x480.jpg\u0000http:\/\/yupoofake.ru\/product\/1005007667840659\u0000https:\/\/ae04.alicdn.com\/kf\/Sb872a3d9975e4029817be76eabab5022s.jpg\u0000https:\/\/ae04.alicdn.com\/kf\/S4ddd35687a2f4b14abd0803fce269bdam.jpg_480x480.jpg\u0000custom:random=202504&url=https%3a%2f%2fgoldnhoneyyy%2etumblr%2ecom%2fatom%2exml\u0000https:\/\/ae04.alicdn.com\/kf\/Hfcf46e517f474c4da5b1fcefdf40f959n.jpg\u0000http:\/\/yupoofake.ru\/product\/1005006271286228\u0000https:\/\/ae04.alicdn.com\/kf\/Seb97b873f28a496cb03d71278087760el.jpg\u0000https:\/\/ae04.alicdn.com\/kf\/Scc5906f5bbc74669ad9bbc51a3f4d569E.jpg\u0000https:\/\/ae04.alicdn.com\/kf\/S218e86e1c260419b855bd8c58eb07909H.jpg_480x480.jpg\u0000https:\/\/yupoofake.ru\/product\/1005001495894183\u0000https:\/\/ae04.alicdn.com\/kf\/S8072c0ea9e3344a0b161aa4f1f7866e2a.jpg\u0000https:\/\/yupoofake.ru\/product\/1005005213228178\u0000https:\/\/ae04.alicdn.com\/kf\/Aadd0007566f24565816b8faeb06afac2C.jpg_480x480.jpg\u0000https:\/\/ae04.alicdn.com\/kf\/Sc3daeee51e614d8ead4ba0a619ebd796h.jpg_480x480.jpg\u0000https:\/\/ae04.alicdn.com\/kf\/S0e343e08a37541e799be031d59f30e9eO.jpg_480x480.jpg\u0000https:\/\/ae04.alicdn.com\/kf\/S5b16d439cae048778467c89eaecdb803q.jpg_480x480.jpg\u0000https:\/\/ae04.alicdn.com\/kf\/HTB1OxtrXjzuK1Rjy0Fpq6yEpFXaA.jpg_480x480.jpg\u0000https:\/\/ae04.alicdn.com\/kf\/Ab17a87dff86e4261b1d3caf53c0cebc0S.jpeg\u0000https:\/\/ae04.alicdn.com\/kf\/S1bc806a014f04c1c93a5104c38f69501C.jpg\u0000https:\/\/ae04.alicdn.com\/kf\/S5cd0ebca6ed54c3cab6ffe3bc05de75da.jpg_480x480.jpg\u0000https:\/\/ae04.alicdn.com\/kf\/S036bfc359ad74b5b8d008bc1d163fd3ct.jpg_480x480.jpg\u0000https:\/\/ae04.alicdn.com\/kf\/S194e6257c0ff42c385cece676be95997D.jpg_480x480.jpg\u0000https:\/\/ae04.alicdn.com\/kf\/S54d45ac82dbd43af8732034a4a9ad975d.jpg_480x480.jpg\u0000https:\/\/ae04.alicdn.com\/kf\/S4c650b1727604f95895f8ff47b450d3cc.jpg_480x480.jpg\u0000https:\/\/ae04.alicdn.com\/kf\/S3a09f8cec5444307a26b16d73510a036M.jpg_480x480.jpg\u0000custom:random=fd49bC32&all=1&keep_all=1&depth=1&url=http%3A%2F%2Fwww.sagepub.com%2FjournalsProdDesc.nav%3FprodId%3DJournal201784\u0000http:\/\/www.lesechosdalger.com\/buJFPRSdR.js\u0000https:\/\/yupoofake.ru\/product\/1005008165778981\u0000https:\/\/ae04.alicdn.com\/kf\/S96e030f0111b43ae8089080e40ce596eO.jpg\u0000https:\/\/ae04.alicdn.com\/kf\/Sed284df94f4f434394d935b784a0d028D.jpg\u0000https:\/\/ae04.alicdn.com\/kf\/Sbbd525489ffb41d9a45ce71d5ad365fd6.jpg\u0000http:\/\/yupoofake.ru\/product\/1005005764364999\u0000https:\/\/ae04.alicdn.com\/kf\/Sd05db159ea4a4cd5acc0e21609d544f8t.png_480x480.jpg\u0000http:\/\/yupoofake.ru\/product\/1005007912744540\u0000https:\/\/ae04.alicdn.com\/kf\/Af24c1dab7a0d416ea66aa07e9c711d91l.jpg\u0000https:\/\/telegram.org\/dl?tme=0aac1f4ab494b0b29a_9022606333259416494\u0000https:\/\/ae04.alicdn.com\/kf\/Se603961addc4405485e693709f50b589X.jpg\u0000https:\/\/ae04.alicdn.com\/kf\/S3a51ba45c2124000924d42766d42690ee.jpg\u0000https:\/\/ae04.alicdn.com\/kf\/Sdd8de4696d7541d6be9e939ce02b0919L.jpg_480x480.jpg\u0000https:\/\/ae04.alicdn.com\/kf\/Sd331ee9183704f2ab4922fab51e7ca22e.jpg\u0000https:\/\/ae04.alicdn.com\/kf\/S140ece10714d4291b2c3d402f7d2f8deE.jpg_480x480.jpg\u0000https:\/\/vivat.com.ua\/resize_336x336x80\/storage\/1.d\/files\/6\/f\/6f968b8e_2.png\u0000https:\/\/ae04.alicdn.com\/kf\/S54146b1fa4624f13a637ce54ffb1bcefM.jpg_480x480.jpg\u0000custom:random=8E86dB2b&all=1&keep_all=1&depth=1&url=http%3A%2F%2Fminorities.at%2F",
    "version": "20250220.01",
    "stats": {
        "values": {
            "rtt_count_pre": 427384,
            "rtt_real": 171.77167880431,
            "done_counter": 121179637103,
            "filtered_count": 9229931818,
            "rtt_count": 276658,
            "reclaim_serve_rate": 0.72970653690498,
            "item_fail_rate": 0.086246749784389,
            "item_request_serve_rate": 0.99558315546216,
            "reclaim_rate": 0.97580497342543,
            "item_filter_rate": 0.050522676855912,
            "rtt": 187.97312885126
        },
        "queues": {
            "todo:redo": 0,
            "todo:secondary": 19567878,
            "todo": 0,
            "todo:backfeed": 35227661,
            "unretrievable": 8065597691,
            "done": 0,
            "claims": 79999756
        }
    },
    "project": "urls",
    "uncached": null,
    "item_rtts": [
        205.21899986267,
        205.21899986267,
        205.21899986267,
        205.21899986267,
        205.21899986267,
        205.21899986267,
        205.21899986267,
        205.21899986267,
        205.21899986267,
        205.21899986267,
        205.21899986267,
        205.21899986267,
        205.21899986267,
        205.21899986267,
        205.21899986267,
        205.21899986267,
        205.21899986267,
        205.21899986267,
        205.21899986267,
        205.21899986267,
        205.21899986267,
        205.21899986267,
        205.21899986267,
        205.21899986267,
        205.21899986267,
        205.21899986267,
        205.21899986267,
        205.21899986267,
        205.21899986267,
        205.21899986267,
        205.21899986267,
        205.21899986267,
        205.21899986267,
        205.21899986267,
        205.21899986267,
        205.21899986267,
        205.21899986267,
        205.21899986267,
        205.21899986267,
        205.21899986267,
        205.21899986267,
        205.21899986267,
        205.21899986267,
        205.21899986267,
        205.21899986267,
        205.21899986267,
        205.21899986267,
        205.21899986267,
        205.21899986267,
        205.21899986267,
        205.21899986267,
        205.21899986267,
        205.21899986267,
        205.21899986267
    ],